﻿<?xml version="1.0" encoding="utf-8"?>
<ArrayOfLastAction xmlns:i="http://www.w3.org/2001/XMLSchema-instance" xmlns="http://schemas.datacontract.org/2004/07/Kooboo.CMS.Search.Models">
	<LastAction>
		<FolderName>Article</FolderName>
		<ContentSummary>Lorem ipsum dolor sit amet 4</ContentSummary>
		<Action>Update</Action>
		<UtcActionDate>2013-08-23T12:43:50.3220933Z</UtcActionDate>
	</LastAction>
	<LastAction>
		<FolderName>Article</FolderName>
		<ContentSummary>Lorem ipsum dolor sit amet 4</ContentSummary>
		<Action>Update</Action>
		<UtcActionDate>2013-08-01T07:28:44.3823133Z</UtcActionDate>
	</LastAction>
	<LastAction>
		<FolderName>Article</FolderName>
		<ContentSummary>Lorem ipsum dolor sit amet 4</ContentSummary>
		<Action>Update</Action>
		<UtcActionDate>2013-07-12T03:55:01.0656705Z</UtcActionDate>
	</LastAction>
	<LastAction>
		<FolderName>Article</FolderName>
		<ContentSummary>Lorem ipsum dolor sit amet 4</ContentSummary>
		<Action>Update</Action>
		<UtcActionDate>2013-07-12T03:51:37.4816306Z</UtcActionDate>
	</LastAction>
	<LastAction>
		<FolderName>Article</FolderName>
		<ContentSummary>Lorem ipsum dolor sit amet 4</ContentSummary>
		<Action>Update</Action>
		<UtcActionDate>2013-07-11T03:23:40.5857448Z</UtcActionDate>
	</LastAction>
</ArrayOfLastAction>